date,sha
2020-03-02,null
2020-04-06,null
2020-05-04,null
2020-06-11,null
2020-07-06,null
2020-11-19,null
2020-12-11,null
2021-01-22,null
2021-02-09,null
2021-03-08,null
2021-04-05,null
2021-05-03,null
2021-06-07,null
2021-07-06,null
2021-08-09,null
2021-09-07,null
2021-10-04,null
2021-11-08,null
2021-12-06,null
2022-01-10,null
2022-02-07,null
2022-02-10,null
2022-03-07,null
2022-04-04,null
2022-04-20,null
2022-04-27,null
2022-05-02,null
2022-05-05,null
2022-06-06,null
2022-07-06,null
2022-07-27,null
2022-07-28,null
2022-08-08,null
2022-09-08,null
2022-09-16,null
2022-09-24,null
2022-10-03,null
2022-11-07,null
2022-12-05,null
2023-01-09,null
2023-02-02,null
2023-02-06,null
2023-02-09,null
2023-03-06,e36550014fba4431878d5280c55480fb067e576c
2023-03-31,null
